0bs,FX1,FX2,VX1,VX2,Y1
1,97,859,8,9,18180
2,70,369,7,16,17675
3,64,505,7,22,14595
4,93,756,7,10,18180
5,71,303,6,9,18180
6,85,1182,8,9,18167
7,70,606,8,23,30906
8,64,359,7,12,17850
9,95,516,8,15,17170
10,76,687,8,9,17776
11,91,859,9,11,18875
12,80,864,8,9,18039
13,78,556,8,9,18131
14,83,773,9,17,18130
15,80,728,8,7,14750
16,63,526,8,11,18018
17,73,606,7,13,18151
18,83,758,8,9,18180
19,81,536,8,22,35229
20,85,859,8,10,18128
21,71,430,7,10,17790
22,86,667,8,9,17976
23,95,1515,8,10,18171
24,76,531,8,11,19447
25,50,354,8,11,18168
26,74,420,6,14,18156
27,78,808,8,6,8484
28,94,960,8,12,17877
29,86,859,8,14,24038
30,109,1313,9,9,18029
31,76,546,8,21,37421
32,85,1066,7,26,38279
33,89,859,6,12,17198
34,80,859,8,11,18079
35,84,606,6,15,18079
36,67,505,8,14,17330
37,79,526,8,8,17445
38,77,909,8,10,17978
39,98,1566,9,10,10100
40,82,566,8,6,13486
41,89,632,7,18,24887
42,85,980,9,11,17978
43,86,864,8,11,18079
44,80,606,9,8,9453
45,83,859,8,47,73763
46,75,404,7,14,18382
47,77,667,8,8,18130
48,83,970,7,12,17978
49,77,657,5,12,18110
50,81,1212,8,11,18180
51,55,303,6,13,4697
52,83,682,7,16,17877
53,79,344,5,18,19140
54,87,2525,6,21,11312
55,95,1566,8,9,19190
56,84,538,7,13,17880
57,100,1667,8,10,18180
58,82,707,8,23,35956
59,74,606,8,22,37365
60,53,295,6,23,13837
61,74,531,9,7,18023
62,75,758,8,11,18180
63,83,425,8,10,17978
64,77,455,8,12,17877
65,94,859,8,11,17978
66,87,1091,8,12,17978
67,66,404,7,13,20208
68,74,728,8,10,2163
69,83,859,8,13,20200
70,82,909,8,9,18079
71,75,526,8,16,18079
72,95,1465,8,8,17705
73,80,970,9,11,18176
74,75,808,6,12,18180
75,69,407,7,22,27351
76,111,1515,8,11,17671
77,86,435,6,18,14443
78,69,407,6,16,19241
79,91,1111,9,10,18180
80,83,753,8,21,35813
81,66,733,8,9,17675
82,93,1273,8,10,17889
83,81,430,8,12,18130
84,85,859,8,11,17810
85,84,627,8,20,23695
86,54,329,8,11,17997
87,93,1031,8,10,17877
88,84,859,7,12,18281
89,77,632,8,6,6666
90,73,632,8,13,17643
91,83,859,8,12,18483
92,59,354,7,21,14393
93,61,642,8,5,6303
94,82,728,8,8,18180
95,98,1238,8,9,18069
96,71,407,6,13,17675
97,82,430,8,20,18609
98,65,733,8,11,18180
99,80,430,7,17,16312
100,106,1566,8,9,18180
101,83,909,8,9,18180
102,80,909,8,12,18180
103,78,516,6,16,13096
104,82,546,7,18,17825
105,106,1212,8,10,17877
106,83,435,8,9,18025
107,77,736,8,14,18180
108,77,407,6,39,35935
109,89,1137,8,10,18029
110,84,753,8,12,18180
111,77,682,8,10,18047
112,80,707,8,12,18079
113,80,678,8,11,18168
114,81,430,8,9,17819
115,72,859,7,11,18130
116,94,1566,8,9,17978
117,95,1091,8,9,17666
118,92,1212,8,13,18100
119,79,430,7,13,20362
120,82,859,7,10,17637
121,64,480,8,11,17473
122,76,455,8,13,18101
123,76,546,9,10,17992
124,83,859,8,10,18130
125,78,455,8,10,18084
126,74,369,8,15,9494
127,80,546,8,12,18180
128,93,952,9,14,18162
129,71,556,8,15,18180
130,73,425,7,11,18129
131,79,758,8,8,2879
132,82,678,7,25,26930
133,65,960,8,10,18180
134,91,859,8,20,17574
135,73,430,7,12,14465
136,83,859,9,11,17675
137,97,950,8,10,18180
138,80,1031,7,10,17978
139,86,859,8,10,17726
140,85,859,8,11,19802
141,85,1031,8,10,17776
142,76,783,6,12,17776
143,66,642,8,10,18180
144,95,859,8,11,2183
145,68,531,8,32,33894
146,73,682,6,24,18089
147,75,515,7,12,18133
148,86,1071,8,12,17877
149,79,433,6,15,11464
150,73,531,8,8,18170
151,87,1293,7,12,18095
152,89,869,8,11,19904
153,76,435,7,13,19291
154,86,874,9,11,17675
155,83,508,6,17,17978
156,65,859,8,9,18033
157,72,622,6,29,32320
158,76,443,6,14,9434
159,79,425,6,29,31209
160,82,808,8,10,19346
161,62,430,8,14,17883
162,86,1010,9,18,26226
163,86,1515,8,11,17978
164,76,548,9,13,23048
165,69,407,6,6,5912
166,84,1031,8,12,18079
167,83,627,7,11,18142
168,79,546,8,8,18044
169,106,1137,9,10,18015
170,75,369,6,10,18150
171,89,657,8,26,36310
172,81,808,9,12,18180
173,78,546,6,19,17329
174,83,864,7,11,18149
175,75,516,6,16,14540
176,79,783,8,11,18079
177,82,631,8,8,17864
178,76,632,7,12,18122
179,83,682,8,9,17744
180,85,1066,8,11,18032
181,97,859,8,10,18180
182,92,859,6,13,17978
183,82,637,8,9,17776
184,75,404,8,11,17877
185,84,859,9,7,17928
186,91,667,8,10,18180
187,66,369,7,17,15376
188,86,1061,8,9,17675
189,66,657,7,14,17675
190,90,1137,8,10,17625
191,79,430,7,12,17877
192,76,632,8,14,17635
193,93,1137,8,9,17978
194,84,1031,9,9,19433
195,64,384,8,9,18029
196,80,546,6,18,14140
197,76,627,8,9,17933
198,86,909,8,10,17572
199,79,526,9,11,17776
200,83,728,8,12,20139
201,83,606,7,13,18071
202,64,384,8,9,19246
203,77,859,6,11,17944
204,84,627,8,20,38360
205,75,864,7,13,19695
206,92,909,9,10,18058
207,89,859,8,13,18156
208,81,808,7,12,18180
209,79,738,5,17,8888
210,85,1010,9,9,17894
211,89,606,8,12,18180
212,86,1010,8,9,18180
213,86,859,9,12,18029
214,89,1111,9,8,18130
215,79,631,8,10,5904
216,84,1137,8,9,18079
217,73,606,7,13,17675
218,69,606,6,16,13938
219,86,1010,9,9,17926
220,83,631,8,8,17396
221,84,429,5,5,932
222,84,1010,8,9,18029
223,89,808,7,12,17663
224,84,1212,8,9,18130
225,76,407,7,11,18079
226,85,909,9,9,17626
227,88,1111,8,15,10302
228,85,859,8,9,18180
229,84,970,8,12,18140
230,86,1263,7,12,18180
231,85,682,8,8,17650
232,86,1111,8,9,17271
233,107,1111,8,10,17978
234,91,429,6,17,17928
235,100,1515,8,10,18180
236,83,379,8,11,17743
237,76,728,8,10,18180
238,74,758,8,11,18115
239,85,1010,8,10,17776
240,89,1137,8,10,17986
241,81,1061,8,11,18786
242,80,515,6,17,14039
243,56,430,8,16,18157
244,72,631,8,15,24430
245,73,526,6,21,17978
246,94,657,8,11,4731
247,78,733,9,10,18147
248,87,859,8,10,17928
249,85,859,9,22,19572
250,89,1031,8,12,17550
251,85,1111,8,10,17776
252,85,814,8,10,18180
253,78,728,7,25,14590
254,78,783,7,12,17423
255,86,859,8,12,17836
256,63,460,7,12,14342
257,91,1010,7,11,17978
258,85,606,8,10,18180
259,86,1293,8,18,17944
260,86,808,8,10,17978
261,108,1010,10,9,17926
262,92,1394,9,9,18180
263,83,859,8,10,6101
264,111,1667,8,9,18180
265,82,526,6,18,14140
266,78,864,6,10,14140
267,97,1515,8,12,17877
268,77,859,8,17,18205
269,93,1273,8,9,17978
270,82,1187,8,9,18180
271,93,1091,8,12,18029
272,84,859,9,12,18093
273,95,1137,8,9,18150
274,78,526,6,12,13181
275,85,859,8,13,17856
276,89,1162,7,19,7575
277,85,859,7,14,7768
278,78,516,6,5,4938
279,83,753,7,26,12565
280,77,407,7,8,1010
281,62,430,6,21,4179
282,82,859,7,26,13278
283,81,536,6,26,13635
284,82,1031,6,27,18216
285,86,859,6,36,17827
286,71,407,6,5,455
287,83,864,6,26,14910
288,87,859,6,18,9898
289,85,859,5,22,12908
290,90,1137,8,10,9454
291,83,685,5,11,4111
292,76,546,7,5,1252
293,75,864,8,14,6262
294,83,859,8,6,758
295,93,756,7,4,672
296,79,758,7,16,7853
297,77,657,6,4,425
298,75,743,8,3,1515
299,82,546,6,4,960
300,84,627,6,52,30098
301,98,1137,7,17,7384
302,82,678,7,7,3213
303,87,1293,7,22,9843
304,82,909,7,14,9999
305,76,548,8,10,4597
306,80,1031,7,5,2164
307,85,1066,6,48,45955
308,72,859,7,8,3384
309,56,430,9,7,5646
310,85,859,6,33,21710
311,84,970,7,20,8164
312,69,407,6,13,1869
313,77,859,6,10,17684
314,81,859,7,14,6565
315,76,455,7,25,13769
316,89,632,7,37,22657
317,84,1031,7,16,7171
318,86,1010,8,20,13381
319,65,733,7,13,8282
320,83,627,7,28,18438
321,82,707,6,12,5858
322,83,909,8,27,17372
323,85,606,8,20,12625
324,86,859,7,17,8973
325,94,859,6,11,5151
326,91,667,6,22,9927
327,80,859,6,30,21793
328,91,859,6,17,11615
329,83,631,6,31,18512
330,79,430,7,9,2020
331,93,1137,7,14,9090
332,86,1061,7,29,15421
333,106,1566,7,37,24290
334,95,1465,6,16,7777
335,65,859,6,12,5757
336,85,909,8,11,5959
337,89,1137,8,12,4998
338,83,425,7,31,13888
339,85,1010,6,23,13062
340,76,531,8,6,1407
341,84,753,6,21,14443
342,64,400,7,25,13647
343,95,1515,8,18,10765
344,83,682,7,7,4536
345,84,627,6,25,11858
346,81,430,8,10,25889
347,89,1031,7,43,23741
348,103,859,7,34,19514
349,103,859,7,36,28714
350,91,606,6,6,1394
351,79,631,7,11,5252
352,84,1031,9,5,1465
353,74,728,7,14,10382
354,59,430,7,18,27836
355,86,435,6,12,14241
356,84,970,8,7,16524
357,85,859,8,7,18079
358,50,354,7,15,15545
359,84,538,7,16,19606
360,64,480,8,21,62216
361,89,1101,8,17,39390
362,86,859,9,10,18362
363,77,632,8,22,52874
364,84,859,7,16,36259
365,83,508,7,10,18180
366,80,546,8,7,18167
367,64,536,8,9,18104
368,77,526,7,10,13989
369,78,733,9,15,36158
370,78,546,6,8,18030
371,82,678,8,9,18154
372,55,303,6,20,54338
373,61,642,8,10,18726
374,83,631,8,8,18170
375,85,1066,8,8,18175
376,89,1137,8,5,3333
377,83,859,8,20,37875
378,53,295,6,12,16564
379,86,808,8,7,17978
380,97,1515,8,7,19190
381,63,460,6,8,14140
382,106,1212,8,8,19089
383,86,859,8,9,18165
384,66,369,7,9,14443
385,79,631,9,9,19190
386,107,1111,8,11,14847
387,75,515,7,9,18079
388,79,430,8,9,18129
389,77,682,8,4,3838
390,86,864,8,8,18083
391,79,738,6,12,18180
392,85,1066,8,15,36007
393,89,808,8,10,19490
394,63,546,8,8,17882
395,81,430,8,8,17823
396,94,1566,9,8,17978
397,69,407,8,11,13373
398,111,1515,8,8,17856
399,86,1010,10,8,19357
400,79,344,7,9,18132
401,62,430,8,11,17960
402,71,407,7,19,35350
403,64,505,7,20,36057
404,93,952,8,8,17978
405,84,627,9,8,18166
406,74,369,6,16,13938
407,71,430,8,13,36113
408,73,425,8,15,37007
409,86,1010,9,6,22220
410,89,1111,9,9,17372
411,75,516,6,13,14521
412,79,526,8,8,18137
413,67,505,7,13,18136
414,72,631,9,7,17991
415,81,808,6,8,18180
416,73,526,6,11,18175
417,89,1137,8,18,40097
418,85,1031,9,7,17889
419,82,909,9,8,18079
420,76,687,8,10,31815
421,85,1010,8,8,18015
422,74,443,7,7,14595
423,88,1111,9,14,36360
424,91,667,8,8,18062
425,74,758,8,8,18150
426,86,1071,7,10,17978
427,66,657,8,15,36562
428,78,556,8,16,35442
429,74,728,8,10,17918
430,87,1293,7,9,17781
431,76,435,6,8,18180
432,63,526,9,10,18281
433,80,678,8,8,18132
434,76,783,6,7,18173
435,86,909,8,11,17736
436,76,443,6,17,14544
437,89,1137,8,7,18167
438,79,425,6,10,14140
439,91,1111,9,34,74815
440,66,733,8,13,38380
441,74,420,6,13,18079
442,89,859,8,8,19331
443,76,546,9,8,18119
444,69,407,8,8,17375
445,78,455,8,8,18056
446,83,859,7,9,18127
447,85,1293,10,6,18130
448,77,657,6,39,56465
449,85,1182,8,18,37912
450,91,859,9,10,17918
451,85,606,9,9,18689
452,79,758,8,10,18090
453,79,783,8,6,18261
454,95,1566,8,16,37395
455,80,515,6,10,14241
456,76,548,8,13,22739
457,94,657,9,26,36184
458,85,859,8,7,18151
459,76,546,8,22,52672
460,80,430,7,8,14037
461,73,606,7,19,36145
462,83,909,9,9,18180
463,89,1066,7,10,17981
464,76,407,8,8,18180
465,94,859,9,8,18079
466,82,546,8,8,18180
467,78,516,6,9,17736
468,86,1061,8,4,2020
469,84,753,8,9,18180
470,78,783,8,8,17675
471,84,859,8,8,18070
472,75,546,6,15,18130
473,85,859,8,15,27640
474,78,864,7,8,14140
475,65,859,8,6,18180
476,91,429,6,13,17928
477,76,627,8,6,17950
478,81,859,9,20,38380
479,83,753,8,9,18102
480,74,733,8,8,18215
481,83,685,9,10,17660
482,64,384,8,10,19190
483,70,606,8,15,35603
484,85,859,8,8,17987
485,94,859,8,9,18180
486,84,1031,9,7,18079
487,82,1187,8,28,101745
488,83,773,9,17,36259
489,70,369,8,12,18068
490,56,430,9,11,19987
491,103,859,9,24,50702
492,79,606,7,24,57722
493,81,808,9,13,39037
494,65,960,8,14,37269
495,83,682,8,9,18180
496,91,859,9,19,36272
497,82,430,8,25,62787
498,64,359,6,31,35931
499,83,733,7,7,18938
500,80,606,9,9,11181
501,78,526,7,10,15152
502,74,531,8,22,53530
503,75,404,8,13,17524
504,95,859,9,13,18180
505,85,814,8,7,20200
506,84,1137,9,7,18180
507,87,1091,9,8,17675
508,77,407,7,11,18149
509,73,531,8,6,15150
510,76,632,8,13,36360
511,98,637,8,7,18136
512,64,384,9,9,21917
513,75,864,8,6,18174
514,86,874,8,10,17675
515,95,1465,8,6,17928
516,93,1273,8,16,37269
517,82,637,9,6,18029
518,83,425,8,17,42165
519,92,1212,8,10,18161
520,90,1137,8,7,17675
521,82,808,8,19,43932
522,84,429,7,9,15756
523,89,632,9,11,18176
524,80,728,9,7,18129
525,83,859,9,8,18079
526,79,546,9,7,18180
527,65,733,8,9,18180
528,85,859,8,9,18064
529,75,404,6,38,55247
530,88,1212,8,6,18179
531,86,667,8,10,18067
532,73,632,8,7,18180
533,83,859,7,7,18180
534,59,354,6,7,14342
535,66,404,7,29,37073
536,98,1238,9,13,37976
537,86,1010,9,3,1778
538,94,960,8,9,18180
539,75,526,9,21,54237
540,93,1137,9,8,19140
541,93,1091,8,9,18079
542,106,1137,9,29,59478
543,80,859,9,12,32320
544,84,859,7,7,18029
545,68,531,8,18,35907
546,77,909,8,7,18079
547,73,404,8,12,17877
548,83,864,8,8,18180
549,91,1010,8,7,17877
550,85,682,8,8,17675
551,82,631,7,7,17788
552,83,758,9,8,18001
553,95,1137,9,6,17776
554,92,1394,9,24,55986
555,86,500,8,7,18180
556,92,859,6,10,18079
557,83,435,8,8,18053
558,100,1515,8,8,18180
559,78,728,8,49,103159
560,80,543,7,6,10757
561,87,2525,6,10,14443
562,83,859,8,6,18039
563,89,1162,9,13,28179
564,85,980,9,10,18079
565,86,859,8,15,35956
566,106,1566,9,8,13640
567,80,546,6,9,14544
568,79,733,8,9,18180
569,87,859,9,8,17877
570,89,657,8,22,31310
571,73,682,6,13,18180
572,86,1293,9,20,53073
573,76,632,6,11,17827
574,93,1273,8,9,18149
575,83,859,9,5,18180
576,85,1111,8,8,17675
577,85,859,8,14,16513
578,80,1031,8,8,18079
579,84,628,8,10,18180
580,111,1667,8,25,55853
581,77,455,8,16,18180
582,81,1212,7,10,18130
583,91,606,8,19,45560
584,82,566,8,4,10616
585,86,1061,9,8,19998
586,79,433,6,11,13686
587,89,1031,8,8,17398
588,94,859,8,12,31310
589,69,407,6,22,14140
590,78,546,6,23,47447
591,83,682,8,34,85143
592,86,1303,8,37,97538
593,54,329,8,37,79384
594,84,859,8,33,94132
595,74,733,8,32,83314
596,64,384,8,4,1212
597,59,430,6,6,9595
598,78,733,8,9,19086
599,74,606,6,35,114657
600,93,1273,8,14,49490
601,91,1111,8,23,66660
602,76,627,8,14,37714
603,83,685,8,11,32825
604,83,859,8,43,148527
605,93,1031,8,14,44440
606,93,952,8,18,52309
607,83,970,8,13,31310
608,80,546,8,21,53025
609,75,864,8,5,9395
610,82,1031,8,24,75785
611,81,1061,8,18,53328
612,78,430,8,9,17423
613,64,480,8,13,35810
614,77,859,8,28,105871
615,55,303,6,35,71609
616,74,571,8,11,24240
617,84,753,8,39,106050
618,73,526,6,20,18786
619,82,430,8,18,40299
620,78,455,8,45,116570
621,65,859,8,32,91157
622,97,1515,8,42,124230
623,80,909,8,38,116611
624,89,1066,8,15,45329
625,88,1212,8,19,61787
626,90,1137,8,10,30300
627,77,909,8,14,40400
628,84,1137,8,27,96152
629,66,657,8,39,96152
630,84,627,8,38,108070
631,79,430,8,22,55550
632,76,632,8,30,84840
633,83,733,8,41,122412
634,83,508,6,15,25250
635,85,859,8,26,69797
636,72,859,8,8,19190
637,95,1091,8,13,32976
638,76,783,6,7,12120
639,81,859,8,21,50500
640,83,425,8,19,47929
641,83,753,8,35,72415
642,111,1515,8,10,18776
643,66,733,8,19,55304
644,64,384,8,39,103980
645,89,1101,8,25,69690
646,91,960,8,21,70700
647,80,728,8,11,32567
648,84,627,8,15,34020
649,70,606,8,18,28280
650,97,859,9,25,80800
651,103,859,8,12,29795
652,79,430,6,34,48568
653,75,516,6,13,19946
654,82,678,8,10,16997
655,83,859,8,21,44440
656,61,642,6,24,53328
657,84,429,6,6,13635
658,69,606,6,17,30300
659,67,505,8,15,29432
660,85,859,8,25,79507
661,82,707,8,40,113133
662,86,808,8,7,13635
663,82,1187,8,26,86860
664,84,628,8,4,3030
665,84,606,6,18,35620
666,86,859,8,31,92166
667,85,814,8,28,68832
668,83,435,9,19,57904
669,78,516,6,35,58552
670,81,1212,8,8,19695
671,78,556,8,12,31231
672,74,728,8,12,27863
673,111,1667,8,25,85850
674,97,859,8,29,78275
675,86,874,8,22,65145
676,66,435,6,6,9945
677,76,728,8,18,50500
678,92,859,6,23,36865
679,82,637,8,18,54035
680,89,1137,8,25,54717
681,98,1566,8,26,83830
682,79,425,6,8,11110
683,83,728,8,25,55055
684,86,1515,8,15,49490
685,74,420,6,10,18584
686,64,505,6,15,12928
687,76,546,8,31,76608
688,77,632,8,13,26058
689,81,536,8,22,58580
690,86,859,8,11,34340
691,77,526,6,7,6666
692,70,369,6,11,16160
693,91,859,8,31,73816
694,89,1111,8,26,84840
695,73,430,6,16,28658
696,87,859,8,38,104636
697,95,1566,8,28,77203
698,109,1313,8,18,61610
699,94,960,8,13,26141
700,83,379,8,40,90042
701,82,909,8,21,60095
702,83,682,8,14,41677
703,63,526,8,38,103097
704,75,369,6,16,20200
705,84,859,8,36,96248
706,66,642,8,20,38885
707,75,404,8,17,34845
708,77,455,6,10,14140
709,107,1111,8,15,43935
710,91,1010,8,26,92819
711,77,407,6,12,22720
712,86,1061,8,21,51965
713,89,869,8,28,92116
714,86,864,8,36,89890
715,81,430,8,10,26807
716,93,1273,8,29,76709
717,85,1066,8,11,3636
718,95,1465,8,22,80295
719,86,1293,8,18,40546
720,91,429,6,21,32825
721,84,970,8,11,35035
722,69,407,6,48,88678
723,83,606,7,24,52520
724,80,543,8,5,9218
725,93,1293,8,18,41294
726,76,631,7,10,17877
727,85,859,8,33,91544
728,92,909,9,22,56804
729,89,1137,8,15,35642
730,76,546,8,19,46460
731,85,859,8,11,27930
732,75,404,6,20,27472
733,86,667,8,11,23319
734,85,1182,8,35,99572
735,85,606,8,23,72720
736,73,632,8,30,72947
737,65,960,8,21,48682
738,64,400,8,10,14676
739,80,515,6,18,27876
740,86,1293,8,29,80295
741,80,546,6,12,22624
742,82,526,6,7,7878
743,80,970,8,27,76472
744,79,733,8,10,19190
745,80,859,9,19,56560
746,93,756,8,29,64640
747,75,758,8,17,30300
748,98,1137,8,33,99889
749,76,407,8,35,56055
750,83,859,8,27,47672
751,86,1071,8,35,87264
752,73,531,8,30,49952
753,75,515,6,28,47183
754,87,1293,8,14,35116
755,86,859,8,11,29189
756,62,430,6,22,25265
757,86,1061,8,23,70801
758,92,1394,6,33,66173
759,86,859,8,21,57914
760,71,430,8,23,72484
761,83,808,8,24,54439
762,75,808,6,22,44945
763,86,909,8,22,44474
764,59,354,6,10,13635
765,98,1238,8,30,104434
766,78,808,8,13,33002
767,56,354,6,35,60398
768,79,546,8,15,42925
769,86,1111,8,17,88887
770,85,859,8,31,69185
771,85,1031,8,14,32187
772,74,369,6,6,6992
773,64,359,6,18,29783
774,89,606,8,13,34340
775,77,657,6,39,82507
776,89,1031,8,12,19461
777,79,631,8,20,47975
778,82,546,8,17,40198
779,84,1010,8,32,73730
780,80,859,8,11,26553
781,85,980,8,13,30300
782,71,407,6,52,111888
783,89,1162,8,25,60600
784,80,707,8,23,45450
785,76,687,8,11,28482
786,86,500,8,27,70094
787,64,536,8,25,58628
788,68,531,8,27,44284
789,81,430,8,10,26364
790,87,1091,8,24,67996
791,89,657,8,15,32134
792,79,783,8,25,76760
793,85,682,8,35,94577
794,75,546,6,11,21715
795,91,859,7,21,83325
796,74,758,8,22,48959
797,78,783,6,34,71710
798,83,773,8,37,82921
799,75,526,8,17,43935
800,79,738,6,27,41410
801,100,1515,8,9,24240
802,82,728,8,27,47571
803,73,404,6,6,2525
804,81,808,8,23,57570
805,94,859,8,23,56560
806,83,733,8,23,47616
807,83,859,8,17,26086
808,73,682,6,37,36360
809,83,733,8,16,46814
810,75,743,8,14,28684
811,83,606,7,8,18180
812,89,1031,8,12,35621
813,74,420,6,13,18079
814,100,1515,8,28,93930
815,83,685,8,8,20654
816,79,606,6,30,70700
817,76,627,8,9,17616
818,86,1293,9,5,8080
819,71,430,8,10,24322
820,88,1212,8,15,45616
821,66,733,8,7,9949
822,91,606,8,11,17944
823,87,1091,8,10,17271
824,93,1273,8,14,41410
825,79,546,6,25,63630
826,83,864,8,33,77744
827,75,864,8,18,55803
828,83,859,8,12,34340
829,76,632,6,22,51510
830,62,440,6,9,14140
831,95,516,8,10,27270
832,63,546,8,18,48078
833,56,354,8,20,53631
834,80,859,8,19,48122
835,84,628,8,14,37168
836,86,1010,8,11,35350
837,75,369,6,13,26260
838,85,859,8,14,42020
839,89,1137,8,15,47975
840,84,753,8,11,32320
841,74,571,8,15,39390
842,89,808,8,10,25624
843,71,556,8,15,36562
844,106,1566,8,14,44289
845,84,606,6,22,48480
846,88,1111,8,14,32604
847,73,606,6,29,52015
848,69,407,6,17,30024
849,56,369,6,10,18180
850,89,859,9,20,55550
851,86,1061,8,15,48283
852,89,1137,8,8,18180
853,63,526,8,8,18079
854,76,687,9,9,18079
855,85,1031,8,12,39390
856,100,1667,8,28,49995
857,85,1066,8,26,77373
858,77,859,8,11,39830
859,84,1031,8,12,32118
860,98,637,8,6,16961
861,80,1031,8,13,36360
862,80,864,8,21,65852
863,97,859,8,8,4040
864,77,407,6,5,4206
865,69,407,6,30,47719
866,82,909,8,21,52015
867,86,1010,8,10,31208
868,93,756,8,15,35083
869,65,859,8,11,29290
870,71,303,6,38,95748
871,94,859,8,5,4545
872,86,1515,8,28,72781
873,83,685,8,22,57611
874,59,430,6,11,19392
875,80,546,6,6,7676
876,83,970,8,23,69185
877,90,1137,7,23,71421
878,78,546,6,11,13448
879,91,606,8,34,69501
880,83,909,8,36,93930
881,83,508,6,27,43430
882,84,627,8,27,65885
883,86,859,8,10,18093
884,74,733,8,10,18154
885,50,354,6,17,23150
886,75,516,6,13,20147
887,79,430,7,10,3030
888,86,1061,9,8,15251
889,79,546,8,21,64640
890,89,1137,8,25,77770
891,91,960,8,10,30300
892,80,678,8,29,93803
893,63,526,8,6,9999
894,95,859,8,35,22978
895,78,430,6,10,21008
896,79,344,6,63,108592
897,83,425,8,10,26352
898,75,808,6,22,51470
899,89,1162,10,8,24240
900,61,642,5,20,47470
901,64,480,8,20,56459
902,98,637,8,34,112692
903,93,1031,8,26,80800
904,80,728,8,22,71267
905,76,617,8,40,112191
906,86,859,8,29,75390
907,72,622,8,9,18180
908,66,606,8,11,31310
909,78,733,8,38,104184
910,81,1061,8,12,35855
911,89,1111,8,11,34340
912,83,606,8,11,17901
913,83,753,7,15,6720
914,109,1313,8,17,54540
915,76,548,8,47,81956
916,73,526,6,13,19190
917,84,429,6,59,102730
918,75,864,8,14,38077
919,80,430,6,19,22826
920,77,859,8,24,72300
921,63,460,6,15,24947
922,76,687,8,22,66105
923,66,642,8,24,66660
924,85,814,8,9,15049
925,78,516,6,11,21208
926,69,606,6,10,14544
927,81,1212,8,30,78275
928,73,531,8,9,18988
929,76,435,6,37,82573
930,86,1061,8,11,17776
931,86,1293,9,8,20200
932,83,859,8,39,128947
933,80,970,8,13,36305
934,97,859,8,10,30300
935,76,783,6,27,56560
936,98,1566,8,11,33330
937,82,808,7,29,34963
938,92,1212,8,36,80373
939,85,859,8,40,106749
940,80,543,5,12,31002
941,91,1111,8,13,35795
942,83,627,8,19,48965
943,77,667,8,35,114130
944,70,606,8,25,77265
945,77,632,8,23,55550
946,78,526,6,17,37976
947,75,404,6,9,7070
948,73,425,6,41,84214
949,78,682,6,9,6767
950,70,369,6,24,36360
951,89,657,8,29,58444
952,79,526,8,43,101367
953,97,950,8,46,117963
954,65,960,8,21,55286
955,74,571,8,12,36423
956,94,960,8,24,55348
957,94,657,8,49,94360
958,82,430,8,6,12059
959,95,1091,8,26,67848
960,106,1566,9,12,22798
961,74,531,8,36,104094
962,80,859,8,33,94435
963,106,1212,8,15,25250
964,68,531,8,15,38285
965,66,369,6,19,23112
966,82,546,8,23,57570
967,107,1111,8,15,43430
968,78,556,8,24,67453
969,75,515,6,22,36966
970,74,728,8,24,60252
971,63,546,8,13,18164
972,80,864,8,11,34340
973,82,526,6,11,16160
974,78,864,6,20,37875
975,92,859,6,14,23230
976,89,1137,8,12,38101
977,76,627,8,28,81028
978,86,909,8,14,25250
979,86,1263,8,38,82124
980,84,970,8,34,115429
981,81,808,6,35,71508
982,76,546,8,12,25053
983,84,859,8,14,40956
984,83,758,8,38,91386
985,87,2525,6,14,12120
986,85,1031,8,17,53049
987,76,546,8,18,45450
988,71,430,8,8,21599
989,83,733,8,22,46462
990,85,859,8,24,66478
991,89,606,8,13,32926
992,73,632,8,14,37080
993,83,631,8,37,122172
994,84,1010,8,6,10100
995,83,859,8,9,22220
996,83,859,8,17,36360
997,91,859,6,9,4949
998,87,1293,8,12,33745
999,81,430,8,19,56514
1000,80,606,8,15,30936
1001,86,859,8,26,89890
1002,86,808,8,35,66620
1003,74,443,6,37,52722
1004,78,728,8,19,6141
1005,83,435,8,20,52133
1006,79,546,6,11,15150
1007,76,443,6,24,24061
1008,82,566,8,42,142237
1009,77,736,8,12,32825
1010,83,733,8,27,68516
1011,89,632,8,35,46480
1012,89,1101,9,18,41915
1013,84,859,8,42,78729
1014,79,738,6,15,23634
1015,64,384,8,24,54136
1016,91,429,6,12,20200
1017,81,430,8,29,58155
1018,86,667,8,25,62108
1019,95,516,8,8,17877
1020,77,859,7,23,65145
1021,81,808,8,13,19190
1022,93,1293,8,8,17515
1023,64,505,6,20,26836
1024,85,682,8,6,15019
1025,82,631,8,31,82782
1026,82,1187,8,10,33330
1027,53,295,6,13,13585
1028,83,859,8,11,25250
1029,75,743,8,22,51510
1030,73,404,6,20,22220
1031,83,808,8,15,36057
1032,75,404,8,19,37724
1033,85,606,8,15,51510
1034,77,455,6,17,28280
1035,82,728,8,20,42521
1036,72,631,8,42,101915
1037,66,733,8,14,41410
1038,93,1091,8,50,105394
1039,86,859,8,7,18011
1040,75,526,8,6,29290
1041,66,435,6,13,20304
1042,91,667,8,36,83018
1043,80,546,8,11,30300
1044,56,430,8,43,68940
1045,74,369,6,12,20487
1046,79,631,8,25,36158
1047,80,707,8,21,55045
1048,74,758,8,19,41645
1049,76,531,8,46,133869
1050,79,433,6,26,39592
1051,77,526,6,15,21760
1052,91,1010,8,12,39895
1053,82,637,8,25,69387
1054,65,733,8,37,104828
1055,83,682,8,26,68429
1056,84,753,7,12,7979
1057,85,1111,8,22,33330
1058,64,359,6,18,30743
1059,86,500,8,23,46875
1060,89,859,8,34,101610
1061,77,455,6,15,26260
1062,83,685,8,11,29625
1063,67,505,8,9,17686
1064,94,859,8,12,28280
1065,63,546,6,25,57514
1066,83,606,7,12,18180
1067,84,538,6,37,54294
1068,88,1212,8,7,12283
1069,85,859,8,6,12844
1070,98,1137,8,10,17978
1071,84,1031,8,19,42117
1072,86,1010,8,12,40400
1073,81,859,8,14,24915
1074,85,980,8,23,26159
1075,94,1566,8,25,75750
1076,80,728,8,11,18142
1077,94,859,8,13,30300
1078,89,606,7,11,22220
1079,56,369,6,26,39769
1080,78,546,6,11,19649
1081,81,1061,8,13,35754
1082,93,1293,8,34,58234
1083,84,628,8,11,29290
1084,75,369,6,6,6565
1085,79,783,8,5,9747
1086,79,606,6,14,29290
1087,95,1566,8,23,54395
1088,98,1238,8,12,35350
1089,109,1313,8,14,28892
1090,74,420,6,28,53305
1091,76,631,6,12,20200
1092,73,606,6,38,69095
1093,85,1010,8,44,141525
1094,75,404,6,13,14039
1095,91,859,9,8,17906
1096,72,622,7,13,18180
1097,64,536,8,14,36095
1098,89,1066,8,16,29290
1099,82,859,8,42,102931
1100,73,606,6,7,8585
1101,76,455,8,45,117009
1102,82,678,8,29,74115
1103,86,1010,8,15,35350
1104,80,1031,8,14,32825
1105,85,909,8,12,28280
1106,71,556,8,23,38826
1107,79,733,8,10,25250
1108,103,859,8,11,28280
1109,95,1137,8,30,93780
1110,86,1293,8,12,24442
1111,106,1566,8,26,74235
1112,82,1031,9,22,55088
1113,86,1010,8,10,26260
1114,77,859,6,10,19623
1115,79,758,8,28,59792
1116,77,682,8,11,17776
1117,71,379,6,25,28322
1118,75,546,6,31,57166
1119,111,1667,8,16,46965
1120,100,1667,8,8,22220
1121,95,516,8,20,53520
1122,83,508,6,14,17978
1123,89,1031,8,14,28993
1124,89,808,8,22,42719
1125,85,1010,8,26,56560
1126,77,407,6,8,10714
1127,64,480,9,9,18180
1128,92,909,8,21,62797
1129,88,1111,8,12,30300
1130,89,1137,8,8,18130
1131,89,859,8,17,29287
1132,85,1111,8,22,31815
1133,89,1137,8,15,31310
1134,89,869,8,9,20830
1135,86,1061,8,18,54540
1136,84,859,7,7,3766
1137,93,1137,8,13,36360
1138,85,1066,8,20,64640
1139,79,430,8,15,41347
1140,66,404,6,32,66727
1141,81,536,8,24,64135
1142,86,859,9,16,39065
1143,72,622,8,22,55550
1144,86,874,8,14,40400
1145,79,783,8,12,38380
1146,83,753,8,10,19675
1147,83,728,8,13,35186
1148,77,736,8,19,46460
1149,75,864,8,7,17928
1150,93,952,8,14,39777
1151,93,1273,8,11,26596
1152,66,606,8,24,65650
1153,93,1273,8,14,40400
1154,94,859,7,17,36360
1155,92,1212,8,9,14797
1156,111,1515,8,25,70010
1157,86,1303,8,14,35808
1158,91,859,9,22,44829
1159,85,1293,8,11,30429
1160,83,859,9,7,17978
1161,89,1101,8,25,64135
1162,86,1293,9,9,18180
1163,65,733,8,22,36360
1164,80,546,8,16,45955
1165,86,859,9,12,30300
1166,97,859,9,6,18180
1167,78,728,8,12,18180
1168,81,1061,8,11,34845
1169,84,1137,8,14,47066
1170,85,814,8,10,4949
1171,80,859,8,11,32628
1172,98,1238,9,7,18029
1173,107,1111,8,11,28280
1174,77,407,6,15,26085
1175,87,1293,8,13,31567
1176,95,1137,9,9,19190
1177,75,808,7,11,18130
1178,86,1515,7,10,17978
1179,85,980,9,9,17978
1180,93,1273,8,10,18083
1181,81,536,8,10,18160
1182,78,455,8,10,4035
1183,92,909,8,9,19357
1184,64,384,8,9,18029
1185,80,543,8,9,14544
1186,91,429,7,17,19392
1187,75,404,6,9,12120
1188,94,657,9,15,18180
1189,66,733,8,7,9090
1190,76,455,8,18,35552
1191,85,859,8,8,17640
1192,74,420,6,12,18079
1193,66,606,8,16,37471
1194,82,707,8,7,17928
1195,75,743,8,20,36259
1196,86,1263,9,10,17625
1197,98,1566,8,7,18180
1198,79,758,8,20,37886
1199,89,1111,9,9,18180
1200,76,631,7,15,18059
1201,80,859,8,17,36049
1202,97,950,9,10,18180
1203,80,864,8,9,17877
1204,85,859,9,8,18053
1205,80,606,9,14,17791
1206,100,1667,8,8,18039
1207,83,773,9,12,18079
1208,85,909,10,8,17423
1209,83,508,7,14,17675
1210,79,430,8,10,18120
1211,75,369,6,14,18139
1212,95,859,8,15,17807
1213,90,1137,5,18,35552
1214,85,859,8,10,17711
1215,83,733,9,7,17840
1216,67,505,7,29,37745
1217,83,758,9,11,18180
1218,91,960,10,8,17928
1219,80,707,8,10,18079
1220,89,606,9,11,19392
1221,86,874,9,8,17776
1222,86,909,8,12,17908
1223,65,859,8,10,18180
1224,81,430,8,11,17738
1225,83,808,9,14,35249
1226,83,425,8,9,18180
1227,82,678,8,18,36302
1228,86,1010,9,7,18180
1229,84,538,6,20,18501
1230,74,606,9,8,17877
1231,109,1313,9,17,35956
1232,82,909,9,10,17978
1233,76,687,9,7,18168
1234,84,606,7,11,20301
1235,83,970,8,9,18079
1236,84,627,8,11,18133
1237,93,756,9,29,54439
1238,103,859,9,11,17877
1239,77,526,6,16,11918
1240,81,1212,8,9,18180
1241,77,736,8,11,19948
1242,85,1066,8,9,18055
1243,84,627,8,11,18180
1244,76,548,8,10,17978
1245,79,738,7,15,18149
1246,84,1031,9,13,18079
1247,89,859,8,16,36360
1248,76,783,6,11,17978
1249,80,970,9,8,17956
1250,82,637,9,10,18130
1251,75,404,7,14,17675
1252,85,859,9,11,17698
1253,82,808,8,10,17792
1254,82,546,8,10,18180
1255,83,859,8,10,14645
1256,86,1010,9,8,18180
1257,79,631,8,12,17978
1258,84,1010,9,8,18180
1259,81,430,8,13,19594
1260,98,637,9,9,17864
1261,85,859,8,13,18860
1262,86,859,8,10,18069
1263,80,909,9,7,18180
1264,63,526,9,10,18180
1265,95,1465,9,8,17978
1266,82,1031,8,23,36204
1267,83,728,9,11,17971
1268,74,571,8,9,18180
1269,83,682,8,18,36360
1270,94,859,9,9,19190
1271,85,814,8,18,37653
1272,97,859,8,11,18180
1273,93,952,9,8,19224
1274,85,859,8,16,18079
1275,86,500,8,8,18180
1276,73,632,9,8,18180
1277,85,1031,10,7,18950
1278,73,606,7,10,13437
1279,76,546,8,11,19579
1280,77,909,8,19,37875
1281,107,1111,8,7,18079
1282,86,1293,9,12,36360
1283,82,631,9,9,17808
1284,85,1293,9,8,17170
1285,79,430,8,14,18382
1286,92,859,6,11,17978
1287,71,556,8,8,18069
1288,73,526,6,12,18079
1289,83,379,9,7,17675
1290,91,667,8,10,17963
1291,85,682,8,17,35361
1292,91,1010,8,8,1788
1293,78,430,8,8,14544
1294,77,667,9,22,55742
1295,69,407,9,12,35915
1296,80,728,8,9,17931
1297,89,1101,9,7,17938
1298,109,1313,10,6,17978
1299,80,864,9,16,36811
1300,93,1273,8,7,18154
1301,83,685,8,13,36843
1302,78,455,8,8,18117
1303,83,753,8,15,36353
1304,83,808,10,14,35956
1305,83,606,7,7,18180
1306,85,859,8,9,17845
1307,66,733,8,9,17625
1308,89,1137,9,21,54540
1309,91,1111,8,18,36360
1310,83,859,9,13,36057
1311,71,379,6,18,21510
1312,89,606,8,14,36360
1313,69,407,9,21,36168
1314,84,606,6,19,35748
1315,56,354,9,8,18180
1316,56,369,8,30,81493
1317,77,682,8,10,17964
1318,76,617,9,25,71256
1319,89,1137,9,12,36166
1320,76,548,8,27,55585
1321,54,329,8,29,55931
1322,81,808,7,22,36360
1323,83,682,9,6,11615
1324,86,1010,9,7,22220
1325,83,425,8,8,17776
1326,85,859,8,8,17946
1327,79,738,7,11,18178
1328,73,632,9,10,19190
1329,82,859,8,30,55143
1330,89,1162,10,21,58580
1331,75,404,8,10,17308
1332,83,733,9,19,53760
1333,74,571,8,21,53631
1334,82,909,9,9,18079
1335,75,515,7,20,36028
1336,83,859,9,13,36360
1337,78,733,9,10,18145
1338,83,733,10,30,72102
1339,76,783,7,9,18180
1340,72,622,8,13,36158
1341,79,430,8,15,36157
1342,76,627,8,9,18024
1343,78,516,6,20,35971
1344,81,859,10,13,37370
1345,74,733,8,24,37143
1346,89,859,9,11,36335
1347,64,384,8,8,18029
1348,76,546,9,10,1817
1349,84,538,6,12,17235
1350,95,1137,9,7,17827
1351,69,407,6,19,25553
1352,71,430,8,7,17862
1353,70,369,7,25,35653
1354,86,667,8,19,35997
1355,75,743,9,12,36057
1356,50,354,9,20,29838
1357,80,859,8,11,36062
1358,86,1303,8,15,37626
1359,81,808,9,15,36259
1360,97,950,9,10,18180
1361,86,1515,8,16,35956
1362,86,1293,9,6,8989
1363,80,707,8,10,19695
1364,73,425,8,10,17714
1365,83,909,9,15,36209
1366,71,556,8,14,37269
1367,76,687,9,9,17977
1368,106,1212,8,16,35754
1369,82,546,8,13,18433
1370,77,455,8,16,36259
1371,94,859,9,8,18079
1372,81,1212,9,8,18079
1373,78,556,8,10,18139
1374,80,1031,8,13,16968
1375,75,546,7,19,36158
1376,85,859,9,15,36120
1377,80,678,8,10,18170
1378,89,808,8,14,35451
1379,80,970,9,16,36275
1380,78,430,8,8,14544
1381,81,430,8,11,18147
1382,92,859,6,13,19342
1383,75,808,7,11,18180
1384,83,728,8,14,36337
1385,111,1515,8,15,35838
1386,89,632,10,30,36044
1387,64,480,9,8,17877
1388,83,758,9,8,18180
1389,62,430,8,17,35512
1390,85,859,8,10,18041
1391,71,303,7,21,54540
1392,86,859,10,8,17614
1393,83,970,8,15,35956
1394,84,627,8,11,18055
1395,85,606,9,11,36360
1396,66,606,8,14,28078
1397,89,1111,10,9,19347
1398,72,631,9,22,40961
1399,79,526,8,17,35960
1400,76,632,7,16,35350
1401,94,960,8,19,35653
1402,94,657,10,19,20060
1403,83,379,8,17,36865
1404,84,859,9,13,35997
1405,73,606,8,9,18158
1406,85,1031,10,13,17820
1407,85,909,10,15,36724
1408,84,628,9,13,36360
1409,86,859,8,14,35952
1410,83,435,8,20,30565
1411,82,566,8,14,36046
1412,73,606,7,18,33431
1413,79,631,8,15,17928
1414,107,1111,8,8,18079
1415,87,1293,8,17,36248
1416,98,637,9,7,17603
1417,84,753,9,13,36158
1418,80,606,9,18,36316
1419,86,859,9,13,36303
1420,95,1091,8,9,18180
1421,86,909,8,11,17819
1422,63,546,7,9,18170
1423,86,1263,8,22,36310
1424,100,1515,8,13,36360
1425,82,808,8,10,18044
1426,92,1212,8,20,36311
1427,81,536,6,16,29503
1428,79,783,7,16,38911
1429,67,505,7,16,30270
1430,85,980,9,8,17978
1431,100,1667,8,13,37471
1432,93,952,9,7,18012
1433,64,536,8,16,36274
1434,84,859,7,11,18180
1435,80,859,8,24,55146
1436,95,516,8,13,35754
1437,88,1212,8,31,91529
1438,79,606,7,8,17978
1439,79,758,8,8,17170
1440,84,627,8,16,36360
1441,91,1010,8,14,35603
1442,77,407,7,11,19536
1443,83,859,9,13,36304
1444,62,440,7,17,29290
1445,86,808,8,19,37471
1446,97,1515,9,12,35754
1447,85,1010,9,8,18015
1448,86,874,9,7,17877
1449,79,546,7,32,71852
1450,75,369,6,19,38153
1451,76,531,8,14,35815
1452,66,657,8,22,36562
1453,77,736,9,12,36360
1454,93,1293,8,18,35941
1455,98,1238,9,12,21329
1456,89,869,8,27,67330
1457,86,864,9,16,35495
1458,85,859,8,8,18079
1459,76,728,9,18,54540
1460,95,1465,8,21,56257
1461,86,859,8,10,18029
1462,82,637,9,10,18160
1463,86,1293,9,8,18944
1464,91,429,6,13,17574
1465,84,970,9,13,35593
1466,65,960,9,9,18180
1467,64,400,10,14,35690
1468,66,404,8,11,17906
1469,86,1010,9,9,21961
1470,83,631,8,16,35820
1471,85,1293,10,10,36900
1472,91,960,10,17,53530
1473,75,864,8,9,18148
1474,77,859,8,22,36945
1475,78,728,8,11,18180
1476,87,859,9,13,35956
1477,103,859,10,7,17978
1478,78,546,6,10,17975
1479,87,1091,8,8,17675
1480,85,814,9,7,18160
1481,98,1566,8,17,48480
1482,76,435,6,19,36158
1483,82,631,9,9,17821
1484,74,606,9,7,17978
1485,85,859,9,7,18175
1486,82,707,8,7,18029
1487,86,500,8,20,18180
1488,97,859,8,11,19695
1489,73,682,6,24,36245
1490,76,407,9,23,36360
1491,84,1137,8,13,37421
1492,93,1273,8,8,17978
1493,83,859,5,18,36360
1494,82,728,9,21,55550
1495,83,864,8,13,36541
1496,76,632,8,7,18180
1497,84,1010,9,16,36158
1498,81,430,9,21,56351
1499,79,430,8,8,19190
1500,84,1031,10,10,17776
1501,86,1061,9,19,53847
1502,82,1187,8,19,36360
1503,65,859,8,10,18180
1504,97,859,9,6,18180
1505,82,1031,7,11,20153
1506,98,1137,9,22,75013
1507,74,758,8,18,37294
1508,91,667,8,12,17707
1509,64,359,7,28,41433
1510,73,531,9,15,36360
1511,76,631,7,34,63893
1512,93,1031,7,24,55449
1513,66,642,9,9,18180
1514,92,909,8,8,17760
1515,86,1111,8,14,35855
1516,80,909,9,13,37451
1517,89,1031,8,13,36775
1518,88,1111,9,7,18910
1519,79,733,8,17,36360
1520,81,1061,8,9,17967
1521,93,1091,9,19,36072
1522,66,435,7,15,30107
1523,83,733,8,12,35704
1524,78,783,8,23,35350
1525,89,859,9,9,18180
1526,91,606,8,9,17704
1527,86,859,9,8,18180
1528,84,859,9,14,17266
1529,95,859,8,22,20180
1530,85,1111,9,13,36360
1531,86,1061,8,13,35350
1532,74,728,8,20,35667
1533,86,1071,8,19,37292
1534,85,1066,8,6,18173
